-1.243417784571647644e-01,4.744969308376312256e-02,-1.246839761734008789e+00,4.347298443317413330e-01,1.262070417404174805e+00,4.511774182319641113e-01,5.379434823989868164e-01,-9.467460960149765015e-02
2.371007949113845825e-01,-1.035035014152526855e+00,-1.287820577621459961e+00,1.365274786949157715e-01,1.850778937339782715e+00,2.435110509395599365e-01,-5.499793887138366699e-01,4.245834648609161377e-01
8.987499475479125977e-01,-1.564252495765686035e+00,-6.342767477035522461e-01,1.181963011622428894e-01,1.792888879776000977e+00,-6.416378915309906006e-02,-1.436855792999267578e+00,6.680564284324645996e-01
9.892574548721313477e-01,-1.700057387351989746e+00,-5.649605989456176758e-01,9.868160635232925415e-02,1.768590092658996582e+00,-2.850247919559478760e-01,-1.615775346755981445e+00,6.952940821647644043e-01
-1.530107975006103516e+00,1.685634970664978027e+00,-6.308486461639404297e-01,1.325516551733016968e-01,-1.833278656005859375e+00,-2.058052301406860352e+00,1.115067124366760254e+00,1.098454073071479797e-01
9.898423552513122559e-01,-1.696987032890319824e+00,-5.616915822029113770e-01,9.829868376255035400e-02,1.767758488655090332e+00,-2.841076850891113281e-01,-1.618985652923583984e+00,6.930160522460937500e-01
3.864892125129699707e-01,-4.772492945194244385e-01,-8.564411401748657227e-01,4.248316586017608643e-01,1.536132693290710449e+00,7.775138020515441895e-01,-2.938270270824432373e-01,3.504637181758880615e-01
2.718035876750946045e-01,-1.144266963005065918e+00,-1.281009197235107422e+00,1.000776290893554688e-01,1.890487790107727051e+00,1.567760705947875977e-01,-6.678957343101501465e-01,4.690375626087188721e-01
1.010528445243835449e+00,-2.202589035034179688e+00,-7.067871838808059692e-02,-3.197262883186340332e-01,8.172752857208251953e-01,-2.885292053222656250e+00,-2.566335201263427734e+00,7.068642973899841309e-01
6.608843207359313965e-01,-1.289669156074523926e+00,-7.975131273269653320e-01,1.301539391279220581e-01,1.784783482551574707e+00,2.740279138088226318e-01,-1.041717290878295898e+00,6.035944819450378418e-01
1.115174293518066406e+00,-2.222258329391479492e+00,-9.328294545412063599e-02,-2.156003564596176147e-01,9.913013577461242676e-01,-2.543229818344116211e+00,-2.514076709747314453e+00,7.253046631813049316e-01
1.119079351425170898e+00,-2.219673633575439453e+00,-9.331322461366653442e-02,-2.138796299695968628e-01,9.895452857017517090e-01,-2.540307760238647461e+00,-2.514411449432373047e+00,7.222350239753723145e-01
8.910533785820007324e-01,-2.059415817260742188e+00,-5.844495892524719238e-01,-2.278833240270614624e-01,1.679259896278381348e+00,-9.874126315116882324e-01,-1.933997631072998047e+00,8.194039463996887207e-01
7.768084406852722168e-01,-2.265495777130126953e+00,-3.726773560047149658e-01,-5.711795091629028320e-01,1.085657835006713867e+00,-2.527116298675537109e+00,-2.405286788940429688e+00,8.660120368003845215e-01
1.272531509399414062e+00,-2.022475481033325195e+00,-2.732346951961517334e-01,1.234540343284606934e-01,1.526395797729492188e+00,-1.155068159103393555e+00,-2.062556743621826172e+00,7.423828244209289551e-01
1.280756354331970215e+00,-2.019646644592285156e+00,-2.722072899341583252e-01,1.280172914266586304e-01,1.517369151115417480e+00,-1.159438371658325195e+00,-2.062613010406494141e+00,7.378128767013549805e-01
-7.063070684671401978e-02,-1.411005854606628418e+00,-2.013730406761169434e-01,-9.290397167205810547e-01,-5.257546901702880859e-01,-4.524935245513916016e+00,-2.010393142700195312e+00,6.031778454780578613e-01
8.480711579322814941e-01,-1.973159193992614746e+00,9.778105467557907104e-02,-3.448354303836822510e-01,2.702944278717041016e-01,-3.674103975296020508e+00,-2.506371498107910156e+00,5.996462106704711914e-01
-7.752720117568969727e-01,1.163702011108398438e+00,-9.966869354248046875e-01,5.586673617362976074e-01,9.765122830867767334e-02,1.154491156339645386e-01,1.315499782562255859e+00,-4.753270000219345093e-02
-7.744978666305541992e-01,1.161030650138854980e+00,-9.942800998687744141e-01,5.530219078063964844e-01,9.769220650196075439e-02,1.168519556522369385e-01,1.318343400955200195e+00,-4.446323961019515991e-02
-1.319741129875183105e+00,3.577486574649810791e-01,-5.572743415832519531e-01,-6.799679398536682129e-01,-1.898835778236389160e+00,-4.345673561096191406e+00,-2.880803942680358887e-01,2.941638231277465820e-01
-1.319510221481323242e+00,3.564651608467102051e-01,-5.609576702117919922e-01,-6.832232475280761719e-01,-1.895252823829650879e+00,-4.341609954833984375e+00,-2.824331820011138916e-01,2.976575791835784912e-01
4.089983999729156494e-01,-2.033960342407226562e+00,-4.604226052761077881e-01,-7.749580144882202148e-01,5.588088035583496094e-01,-3.593427658081054688e+00,-2.331525325775146484e+00,8.169105052947998047e-01
5.290657281875610352e-01,-1.534237980842590332e+00,2.276446223258972168e-01,-3.623217046260833740e-01,-3.672997951507568359e-01,-4.365768909454345703e+00,-2.199311494827270508e+00,4.847456514835357666e-01
4.082181155681610107e-01,-2.033365249633789062e+00,-4.648289084434509277e-01,-7.775316238403320312e-01,5.607018470764160156e-01,-3.593304634094238281e+00,-2.325349092483520508e+00,8.193657398223876953e-01
5.365728735923767090e-01,-1.536673665046691895e+00,2.287462949752807617e-01,-3.541004359722137451e-01,-3.640303611755371094e-01,-4.361291408538818359e+00,-2.196186542510986328e+00,4.862308204174041748e-01
8.514325618743896484e-01,-1.452476263046264648e+00,-5.654238462448120117e-01,1.272611320018768311e-01,1.788315415382385254e+00,5.281131714582443237e-02,-1.550191998481750488e+00,5.774901509284973145e-01
-1.609366655349731445e+00,1.780443310737609863e+00,-5.244642496109008789e-01,1.374822556972503662e-01,-1.866918087005615234e+00,-2.033027410507202148e+00,9.853598475456237793e-01,3.705120831727981567e-02
9.975696802139282227e-01,-1.592993855476379395e+00,-5.149713754653930664e-01,8.980374038219451904e-02,1.741672396659851074e+00,-1.790639013051986694e-01,-1.748235464096069336e+00,5.827199816703796387e-01
2.603348791599273682e-01,-3.546363711357116699e-01,-7.618947029113769531e-01,4.347513914108276367e-01,1.535370707511901855e+00,8.609642982482910156e-01,-3.584285676479339600e-01,2.945666015148162842e-01
-9.196267277002334595e-02,-4.925574362277984619e-01,2.490994930267333984e-01,-3.397480845451354980e-01,-1.403826832771301270e+00,-4.880918979644775391e+00,-1.288142204284667969e+00,2.936965525150299072e-01
1.143384814262390137e+00,-2.136746406555175781e+00,-9.660989791154861450e-02,-3.336383104324340820e-01,7.694966197013854980e-01,-2.783225536346435547e+00,-2.635959625244140625e+00,5.748909711837768555e-01
5.587146282196044922e-01,-1.272478818893432617e+00,-6.530472636222839355e-01,5.309882014989852905e-02,1.793273210525512695e+00,2.824085652828216553e-01,-1.085703969001770020e+00,6.218792796134948730e-01
1.235927581787109375e+00,-2.159293413162231445e+00,-1.274088621139526367e-01,-2.105449736118316650e-01,8.731535077095031738e-01,-2.557050228118896484e+00,-2.567258834838867188e+00,5.863744616508483887e-01
7.913051843643188477e-01,-2.032592773437500000e+00,-4.408164322376251221e-01,-3.306879401206970215e-01,1.660336017608642578e+00,-9.713114500045776367e-01,-1.902699112892150879e+00,8.506808876991271973e-01
-8.334513902664184570e-01,-5.882881879806518555e-01,-6.611619591712951660e-01,-8.825871944427490234e-01,-1.014030456542968750e+00,-4.850303173065185547e+00,-1.237522482872009277e+00,4.870720207691192627e-01
7.028646469116210938e-01,-2.248601913452148438e+00,-2.701524198055267334e-01,-6.644068956375122070e-01,1.094703555107116699e+00,-2.410187959671020508e+00,-2.297781705856323242e+00,9.126399755477905273e-01
1.379568457603454590e+00,-2.000329017639160156e+00,-3.121396005153656006e-01,2.210233956575393677e-01,1.384621739387512207e+00,-1.220765948295593262e+00,-2.070105075836181641e+00,6.467354893684387207e-01
2.901910245418548584e-01,1.474063694477081299e-01,9.357633590698242188e-01,-5.185233354568481445e-01,-2.827541112899780273e+00,-4.524116992950439453e+00,-2.883957326412200928e-01,4.553532898426055908e-01
-1.272450685501098633e-01,-1.404803156852722168e+00,-1.466404795646667480e-01,-1.033423542976379395e+00,-5.673955678939819336e-01,-4.456869602203369141e+00,-1.870541810989379883e+00,6.543524861335754395e-01
7.669548988342285156e-01,-1.323609471321105957e+00,-5.079289674758911133e-01,1.080608665943145752e-01,1.767243504524230957e+00,2.127967625856399536e-01,-1.736907720565795898e+00,4.417715072631835938e-01
9.915466308593750000e-01,-1.479181170463562012e+00,-4.731281995773315430e-01,2.316398173570632935e-02,1.698142170906066895e+00,-4.294862598180770874e-02,-1.928427100181579590e+00,4.297127723693847656e-01
9.197023510932922363e-01,-1.930716872215270996e+00,4.743801802396774292e-02,-2.129162102937698364e-01,1.375495046377182007e-01,-3.694879293441772461e+00,-2.469362974166870117e+00,5.123737454414367676e-01
-1.741063714027404785e+00,1.898486614227294922e+00,-4.286299943923950195e-01,1.203826218843460083e-01,-1.929763436317443848e+00,-1.968575835227966309e+00,7.764939665794372559e-01,-8.705200999975204468e-02
7.633444666862487793e-01,-1.317816615104675293e+00,-5.058932304382324219e-01,1.069998443126678467e-01,1.765575647354125977e+00,2.190291434526443481e-01,-1.744659423828125000e+00,4.358650147914886475e-01
9.910351037979125977e-01,-1.473053812980651855e+00,-4.713258743286132812e-01,1.949299871921539307e-02,1.695491433143615723e+00,-3.643160313367843628e-02,-1.936150789260864258e+00,4.224333167076110840e-01
-1.293236166238784790e-01,-1.405173420906066895e+00,-1.424810886383056641e-01,-1.039144158363342285e+00,-5.696154832839965820e-01,-4.451215267181396484e+00,-1.864478588104248047e+00,6.570969223976135254e-01
5.146415531635284424e-02,-2.103641480207443237e-01,-6.587080955505371094e-01,4.307450652122497559e-01,1.529229402542114258e+00,9.756658077239990234e-01,-5.008407831192016602e-01,2.017696201801300049e-01
-7.269518375396728516e-01,1.021985411643981934e+00,-9.179611802101135254e-01,4.294008016586303711e-01,8.910489082336425781e-02,1.161033213138580322e-01,1.338175296783447266e+00,4.687837511301040649e-02
1.311620235443115234e+00,-2.051629304885864258e+00,-1.541407108306884766e-01,-3.874066174030303955e-01,6.944417357444763184e-01,-2.637101888656616211e+00,-2.707289695739746094e+00,3.910776078701019287e-01
3.704273402690887451e-01,-1.247200727462768555e+00,-4.678333401679992676e-01,-8.124913275241851807e-02,1.817734837532043457e+00,2.993505001068115234e-01,-1.150086164474487305e+00,6.398518681526184082e-01
3.619849383831024170e-01,-1.245849967002868652e+00,-4.602070152759552002e-01,-8.689174801111221313e-02,1.818901419639587402e+00,2.994222640991210938e-01,-1.153742551803588867e+00,6.402183175086975098e-01
-1.259361267089843750e+00,2.946985661983489990e-01,-6.071602702140808105e-01,-7.044880390167236328e-01,-1.909077763557434082e+00,-4.178697109222412109e+00,-1.502473950386047363e-01,3.787780702114105225e-01
1.385051369667053223e+00,-2.075645208358764648e+00,-2.098152041435241699e-01,-1.966645866632461548e-01,7.169176936149597168e-01,-2.555625200271606445e+00,-2.617656946182250977e+00,4.040404856204986572e-01
5.419155955314636230e-01,-1.912336707115173340e+00,-1.120990276336669922e+00,-1.237114816904067993e-01,1.806342720985412598e+00,-1.084515333175659180e+00,-1.651076555252075195e+00,7.935662865638732910e-01
1.391759395599365234e+00,-2.071372747421264648e+00,-2.139848470687866211e-01,-1.959268450736999512e-01,7.099651098251342773e-01,-2.556105375289916992e+00,-2.618544101715087891e+00,3.966665863990783691e-01
-1.317081898450851440e-01,-9.989379644393920898e-01,-1.356054067611694336e+00,-8.414094150066375732e-02,2.041281223297119141e+00,3.183387815952301025e-01,-2.638501524925231934e-01,2.484579086303710938e-01
6.260575652122497559e-01,-1.993739962577819824e+00,-2.375535666942596436e-01,-5.051059722900390625e-01,1.648003697395324707e+00,-9.381211400032043457e-01,-1.881925702095031738e+00,8.824257254600524902e-01
6.148661971092224121e-01,-1.600657582283020020e+00,2.631971240043640137e-01,-1.289941519498825073e-01,-3.147717714309692383e-01,-4.226050853729248047e+00,-2.081521034240722656e+00,5.395497679710388184e-01
4.632269442081451416e-01,-2.059036254882812500e+00,-5.533787012100219727e-01,-7.531846165657043457e-01,4.971495866775512695e-01,-3.485762119293212891e+00,-2.161969184875488281e+00,8.914330005645751953e-01
6.131136417388916016e-01,-1.605377197265625000e+00,2.656864523887634277e-01,-1.174846738576889038e-01,-3.126221299171447754e-01,-4.216986656188964844e+00,-2.076055288314819336e+00,5.415647029876708984e-01
5.994867682456970215e-01,-2.216608762741088867e+00,-1.017176583409309387e-01,-8.287690877914428711e-01,1.097978830337524414e+00,-2.240667819976806641e+00,-2.193080425262451172e+00,9.539906382560729980e-01
9.846008419990539551e-01,-1.344383955001831055e+00,-4.290893673896789551e-01,-6.191303580999374390e-02,1.627516031265258789e+00,7.676617801189422607e-02,-2.078501701354980469e+00,2.795395553112030029e-01
6.814867258071899414e-01,-1.177745461463928223e+00,-4.721218943595886230e-01,1.031802743673324585e-01,1.711374878883361816e+00,3.484372496604919434e-01,-1.896067023277282715e+00,3.041191697120666504e-01
-1.838877558708190918e+00,1.974452614784240723e+00,-3.737575113773345947e-01,1.155479997396469116e-01,-1.978479743003845215e+00,-1.924134016036987305e+00,5.502647161483764648e-01,-2.041542232036590576e-01
-7.542479038238525391e-01,7.722107172012329102e-01,-1.349257588386535645e+00,6.419872045516967773e-01,7.168769836425781250e-01,-5.667266249656677246e-02,1.030067920684814453e+00,-3.375340700149536133e-01
1.453587770462036133e+00,-1.970516800880432129e+00,-4.122281074523925781e-01,3.919374942779541016e-01,1.178910851478576660e+00,-1.296584486961364746e+00,-2.102473735809326172e+00,5.032584071159362793e-01
-1.493051946163177490e-01,-7.731114327907562256e-02,-5.925990343093872070e-01,4.734240174293518066e-01,1.495822787284851074e+00,1.031344413757324219e+00,-6.184897422790527344e-01,1.155029907822608948e-01
1.455428361892700195e+00,-1.969003081321716309e+00,-4.168767333030700684e-01,3.993306457996368408e-01,1.170490384101867676e+00,-1.299364686012268066e+00,-2.103571414947509766e+00,4.975537359714508057e-01
-1.550568044185638428e-01,-7.362805306911468506e-02,-5.913651585578918457e-01,4.757229089736938477e-01,1.494457364082336426e+00,1.031944274902343750e+00,-6.212964057922363281e-01,1.133423224091529846e-01
-1.136750206351280212e-01,-4.046608209609985352e-01,3.648992180824279785e-01,-1.935299187898635864e-01,-1.405205130577087402e+00,-4.798232555389404297e+00,-1.037841916084289551e+00,3.750053346157073975e-01
-1.726371645927429199e-01,-1.397844195365905762e+00,-3.089893609285354614e-02,-1.205850005149841309e+00,-6.385889053344726562e-01,-4.306095600128173828e+00,-1.713733911514282227e+00,7.192373871803283691e-01
9.495475888252258301e-01,-1.881654024124145508e+00,-6.396961957216262817e-02,1.555907819420099258e-02,-5.212400853633880615e-02,-3.672611951828002930e+00,-2.434825897216796875e+00,3.760854005813598633e-01
-6.633664965629577637e-01,8.521310687065124512e-01,-7.890074253082275391e-01,2.232189923524856567e-01,5.432970076799392700e-02,1.304709613323211670e-01,1.345096707344055176e+00,1.517088115215301514e-01
1.495077848434448242e+00,-1.951561808586120605e+00,-2.130092978477478027e-01,-4.520539939403533936e-01,6.378623843193054199e-01,-2.486113071441650391e+00,-2.688161849975585938e+00,2.462289333343505859e-01
1.676433086395263672e-01,-1.205573916435241699e+00,-3.002678751945495605e-01,-1.838353723287582397e-01,1.851237893104553223e+00,2.810872495174407959e-01,-1.235700368881225586e+00,6.387749314308166504e-01
-9.262585639953613281e-01,-4.492223858833312988e-01,-7.494640946388244629e-01,-6.967950463294982910e-01,-1.048116207122802734e+00,-4.757282257080078125e+00,-1.166664242744445801e+00,4.374795854091644287e-01
1.534527301788330078e+00,-1.970794200897216797e+00,-3.083402514457702637e-01,-1.857561022043228149e-01,5.577216744422912598e-01,-2.586476802825927734e+00,-2.612654209136962891e+00,2.481062710285186768e-01
4.575913846492767334e-01,-1.925176858901977539e+00,-5.438119918107986450e-02,-6.578905582427978516e-01,1.647403597831726074e+00,-9.318194985389709473e-01,-1.885510206222534180e+00,8.865115046501159668e-01
-1.135850191116333008e+00,1.892719566822052002e-01,-6.451444625854492188e-01,-7.240172624588012695e-01,-1.936042785644531250e+00,-3.950817584991455078e+00,4.088137298822402954e-03,4.925462305545806885e-01
4.981929659843444824e-01,-2.149178981781005859e+00,5.181073397397994995e-02,-9.830163717269897461e-01,1.127485036849975586e+00,-2.053633451461791992e+00,-2.100042343139648438e+00,9.669532179832458496e-01
4.957776367664337158e-01,-2.146707534790039062e+00,5.555223673582077026e-02,-9.869918823242187500e-01,1.129252433776855469e+00,-2.047040462493896484e+00,-2.096657276153564453e+00,9.669153094291687012e-01
5.397722125053405762e-01,-2.080291986465454102e+00,-6.385834217071533203e-01,-7.049269080162048340e-01,3.853467702865600586e-01,-3.333812236785888672e+00,-1.947396516799926758e+00,9.707648158073425293e-01
5.397565364837646484e-01,-1.707355499267578125e+00,3.181585073471069336e-01,1.037757545709609985e-01,-2.830359935760498047e-01,-4.026886463165283203e+00,-1.964437127113342285e+00,5.751037001609802246e-01
5.976160764694213867e-01,-1.971572518348693848e+00,-1.188956141471862793e+00,-3.935717046260833740e-02,1.536960840225219727e+00,-1.506776094436645508e+00,-1.710199594497680664e+00,8.622761964797973633e-01
5.854885578155517578e-01,-1.002192735671997070e+00,-4.728306531906127930e-01,1.428096890449523926e-01,1.621315479278564453e+00,4.786527752876281738e-01,-1.998606443405151367e+00,1.658395826816558838e-01
9.643989801406860352e-01,-1.183685183525085449e+00,-3.775528967380523682e-01,-1.632405817508697510e-01,1.541509032249450684e+00,1.950649023056030273e-01,-2.166467666625976562e+00,1.432958543300628662e-01
5.996081829071044922e-01,-1.971849322319030762e+00,-1.192820310592651367e+00,-3.532563149929046631e-02,1.526853561401367188e+00,-1.518863081932067871e+00,-1.708978772163391113e+00,8.643973469734191895e-01
1.477334022521972656e+00,-1.932533860206604004e+00,-5.208361148834228516e-01,5.587615370750427246e-01,9.859535098075866699e-01,-1.379133462905883789e+00,-2.130230665206909180e+00,3.787587285041809082e-01
-1.903016448020935059e+00,2.005262851715087891e+00,-3.619852662086486816e-01,1.504942774772644043e-01,-2.031355142593383789e+00,-1.931098580360412598e+00,2.971248924732208252e-01,-3.075742423534393311e-01
-3.818379938602447510e-01,7.848741114139556885e-02,-5.671256780624389648e-01,5.988173484802246094e-01,1.410929083824157715e+00,1.024177789688110352e+00,-6.954613327980041504e-01,3.564951568841934204e-02
9.198168516159057617e-01,-1.824030995368957520e+00,-1.797097921371459961e-01,2.271920889616012573e-01,-2.315512150526046753e-01,-3.654649019241333008e+00,-2.400126218795776367e+00,2.565252184867858887e-01
-2.088640481233596802e-01,-1.359914183616638184e+00,7.647710293531417847e-02,-1.366355657577514648e+00,-7.103511691093444824e-01,-4.149913311004638672e+00,-1.562488317489624023e+00,7.558589577674865723e-01
9.196506142616271973e-01,-1.823460698127746582e+00,-1.805945038795471191e-01,2.283836752176284790e-01,-2.326584607362747192e-01,-3.654601573944091797e+00,-2.399978160858154297e+00,2.556765973567962646e-01
-6.005398631095886230e-01,6.977056860923767090e-01,-6.614350676536560059e-01,3.063540905714035034e-02,2.279902994632720947e-02,1.440904736518859863e-01,1.337789654731750488e+00,2.228150963783264160e-01
-2.792686223983764648e+00,1.032607555389404297e+00,-1.616640329360961914e+00,-2.392155677080154419e-01,-1.430339694023132324e+00,-1.693294405937194824e+00,1.558257341384887695e+00,3.826405107975006104e-01
-2.598209679126739502e-01,-3.352413177490234375e-01,5.112380385398864746e-01,-1.114845722913742065e-01,-1.357630372047424316e+00,-4.640459537506103516e+00,-7.876510620117187500e-01,4.359775781631469727e-01
1.683932065963745117e+00,-1.838338971138000488e+00,-2.760437130928039551e-01,-5.188547372817993164e-01,6.230007410049438477e-01,-2.318012237548828125e+00,-2.552843093872070312e+00,1.460740566253662109e-01
1.689248681068420410e+00,-1.834721446037292480e+00,-2.782100737094879150e-01,-5.204688310623168945e-01,6.231546998023986816e-01,-2.312674045562744141e+00,-2.547696828842163086e+00,1.436781585216522217e-01
-2.137895859777927399e-02,-1.161138176918029785e+00,-1.555169522762298584e-01,-2.473081797361373901e-01,1.904163002967834473e+00,2.015699595212936401e-01,-1.312134981155395508e+00,6.367678046226501465e-01
-1.029522180557250977e+00,9.283877015113830566e-01,-1.441989541053771973e+00,7.224978208541870117e-01,6.006395816802978516e-01,-3.162353932857513428e-01,9.183152914047241211e-01,-3.249640166759490967e-01
1.659778237342834473e+00,-1.836974740028381348e+00,-4.174041748046875000e-01,-1.759167015552520752e-01,4.036741852760314941e-01,-2.677277088165283203e+00,-2.553843259811401367e+00,1.132716313004493713e-01
-2.594850659370422363e-01,-9.433846473693847656e-01,-1.272408604621887207e+00,-1.533482819795608521e-01,2.081685781478881836e+00,2.815059423446655273e-01,-2.838320732116699219e-01,1.703226268291473389e-01
-1.010171890258789062e+00,9.311455488204956055e-02,-6.752126216888427734e-01,-7.229501605033874512e-01,-1.945226550102233887e+00,-3.710657835006713867e+00,1.564359962940216064e-01,5.902804732322692871e-01
2.971458733081817627e-01,-1.825869917869567871e+00,1.094134971499443054e-01,-8.024218678474426270e-01,1.667226314544677734e+00,-9.653514027595520020e-01,-1.870037913322448730e+00,8.696689009666442871e-01
-1.060392737388610840e+00,-2.719825208187103271e-01,-9.119879007339477539e-01,-4.409399032592773438e-01,-1.025755286216735840e+00,-4.616233825683593750e+00,-1.075231671333312988e+00,3.614307343959808350e-01
-1.931096673011779785e+00,1.997495055198669434e+00,-3.689601421356201172e-01,1.905696243047714233e-01,-2.082978487014770508e+00,-1.972710847854614258e+00,5.826947465538978577e-02,-3.902075290679931641e-01
9.269452095031738281e-01,-1.028691887855529785e+00,-3.238871395587921143e-01,-2.660320997238159180e-01,1.464345097541809082e+00,3.030554056167602539e-01,-2.225461006164550781e+00,3.511730581521987915e-02
4.880919158458709717e-01,-8.253017067909240723e-01,-4.909507632255554199e-01,1.934619247913360596e-01,1.516951203346252441e+00,5.900558233261108398e-01,-2.073711156845092773e+00,4.008678346872329712e-02
2.980447411537170410e-01,1.426820397377014160e+00,2.230202853679656982e-01,3.217205107212066650e-01,-3.208208322525024414e+00,-2.193482637405395508e+00,1.523394703865051270e+00,1.300288438796997070e-01
3.055801093578338623e-01,1.434765458106994629e+00,2.178827226161956787e-01,3.214352726936340332e-01,-3.209410190582275391e+00,-2.181208133697509766e+00,1.522519946098327637e+00,1.311726272106170654e-01
-5.780640840530395508e-01,2.198651432991027832e-01,-5.666833519935607910e-01,7.384967803955078125e-01,1.294014811515808105e+00,9.777019619941711426e-01,-7.323757410049438477e-01,-3.012331575155258179e-02
6.071238517761230469e-01,-2.085109472274780273e+00,-7.232857346534729004e-01,-6.323875188827514648e-01,2.809114456176757812e-01,-3.154348850250244141e+00,-1.726072311401367188e+00,1.041816949844360352e+00
4.149205982685089111e-01,-2.039793014526367188e+00,1.773741245269775391e-01,-1.127687096595764160e+00,1.203283905982971191e+00,-1.817842125892639160e+00,-1.975250720977783203e+00,9.481769800186157227e-01
4.520452320575714111e-01,-1.798850059509277344e+00,4.064362049102783203e-01,2.596897482872009277e-01,-2.040995508432388306e-01,-3.793005943298339844e+00,-1.829766869544982910e+00,6.331849694252014160e-01
5.774903297424316406e-01,1.973945945501327515e-01,7.025931477546691895e-01,-1.625005602836608887e-01,-2.630687713623046875e+00,-4.725006103515625000e+00,-4.486711025238037109e-01,3.895955979824066162e-01
6.629202365875244141e-01,-1.979622721672058105e+00,-1.281293988227844238e+00,5.505047738552093506e-02,1.285309910774230957e+00,-1.741863727569580078e+00,-1.652073979377746582e+00,9.243171811103820801e-01
1.473037004470825195e+00,-1.873147964477539062e+00,-6.241459846496582031e-01,7.075675129890441895e-01,8.140030503273010254e-01,-1.509688496589660645e+00,-2.162709712982177734e+00,2.708098292350769043e-01
8.549362421035766602e-01,1.684625148773193359e+00,4.547706544399261475e-01,7.705648541450500488e-01,6.747792661190032959e-02,1.214670777320861816e+00,4.978967607021331787e-01,7.132520675659179688e-01
8.590018749237060547e-01,1.687147378921508789e+00,4.498545825481414795e-01,7.683145403861999512e-01,6.226727366447448730e-02,1.215944528579711914e+00,4.926237761974334717e-01,7.162693142890930176e-01
8.415843248367309570e-01,-1.726488471031188965e+00,-2.857697904109954834e-01,4.180041849613189697e-01,-4.041423201560974121e-01,-3.672396659851074219e+00,-2.345149517059326172e+00,1.639113128185272217e-01
-2.386232614517211914e-01,-1.295781612396240234e+00,1.619326472282409668e-01,-1.507361292839050293e+00,-7.833750247955322266e-01,-3.997270107269287109e+00,-1.398275852203369141e+00,7.655270099639892578e-01
1.838789939880371094e+00,-1.713983654975891113e+00,-3.425828516483306885e-01,-5.737996101379394531e-01,6.307332515716552734e-01,-2.153546810150146484e+00,-2.376773118972778320e+00,7.768485695123672485e-02
-5.172220468521118164e-01,5.361033082008361816e-01,-5.360176563262939453e-01,-1.541589051485061646e-01,2.439385652542114258e-02,1.618160456418991089e-01,1.300042152404785156e+00,2.754552364349365234e-01
-5.153816938400268555e-01,5.318492054939270020e-01,-5.309413671493530273e-01,-1.608863174915313721e-01,2.536274492740631104e-02,1.631206125020980835e-01,1.298073291778564453e+00,2.765770554542541504e-01
-1.868967860937118530e-01,-1.117531657218933105e+00,-3.450811654329299927e-02,-2.949691414833068848e-01,1.954452395439147949e+00,9.241586178541183472e-02,-1.361832380294799805e+00,6.406697630882263184e-01
-3.917189240455627441e-01,-2.333384454250335693e-01,6.541408300399780273e-01,-8.516872674226760864e-02,-1.294043540954589844e+00,-4.468230724334716797e+00,-5.471631288528442383e-01,4.972091019153594971e-01
1.751451730728149414e+00,-1.699662089347839355e+00,-5.224809646606445312e-01,-1.682546287775039673e-01,2.733827829360961914e-01,-2.779875755310058594e+00,-2.490263462066650391e+00,5.498148500919342041e-03
1.584711819887161255e-01,-1.723342776298522949e+00,2.433910369873046875e-01,-9.329727888107299805e-01,1.688599705696105957e+00,-1.015630483627319336e+00,-1.842802286148071289e+00,8.445994257926940918e-01
5.647001266479492188e-01,1.650958418846130371e+00,3.153672069311141968e-02,3.022143244743347168e-01,-3.318615674972534180e+00,-1.861753225326538086e+00,1.454533100128173828e+00,1.754188239574432373e-01
5.744088888168334961e-01,1.658581614494323730e+00,2.465095371007919312e-02,3.018923997879028320e-01,-3.322563886642456055e+00,-1.849931716918945312e+00,1.452310562133789062e+00,1.772191822528839111e-01
9.483404755592346191e-01,2.565468549728393555e-01,7.111867070198059082e-01,-1.164732873439788818e-01,-2.604908704757690430e+00,-4.683328151702880859e+00,-4.331795871257781982e-01,4.494627416133880615e-01
-1.933316707611083984e+00,1.963502764701843262e+00,-3.848029971122741699e-01,2.302599102258682251e-01,-2.143981218338012695e+00,-2.048562049865722656e+00,-2.352907359600067139e-01,-4.858256280422210693e-01
3.860535621643066406e-01,-6.005067825317382812e-01,-5.261979103088378906e-01,2.477001994848251343e-01,1.386662602424621582e+00,7.207818627357482910e-01,-2.130988121032714844e+00,-1.018960103392601013e-01
1.025822162628173828e+00,1.767438054084777832e+00,3.126890957355499268e-01,6.826054453849792480e-01,-7.137171179056167603e-02,1.279755353927612305e+00,2.910805642604827881e-01,8.080402016639709473e-01
8.710426092147827148e-01,-8.333907127380371094e-01,-2.592067718505859375e-01,-3.976754844188690186e-01,1.371331334114074707e+00,4.325581192970275879e-01,-2.282049417495727539e+00,-8.247353881597518921e-02
1.037684440612792969e+00,1.772874593734741211e+00,3.038445711135864258e-01,6.764152646064758301e-01,-8.005351573228836060e-02,1.284068703651428223e+00,2.770976722240447998e-01,8.142244219779968262e-01
3.427984416484832764e-01,-1.914571642875671387e+00,2.698609530925750732e-01,-1.257412791252136230e+00,1.272094845771789551e+00,-1.580856442451477051e+00,-1.834778070449829102e+00,9.136727452278137207e-01
-8.979873657226562500e-01,3.801049292087554932e-02,-7.123878002166748047e-01,-6.921247243881225586e-01,-1.943795204162597656e+00,-3.465600728988647461e+00,3.012913465499877930e-01,6.660211682319641113e-01
-8.055954575538635254e-01,4.131957888603210449e-01,-5.709962844848632812e-01,9.099838733673095703e-01,1.108420252799987793e+00,8.824265599250793457e-01,-7.365753054618835449e-01,-1.126449331641197205e-01
3.388057649135589600e-01,-1.907247781753540039e+00,2.743309736251831055e-01,-1.264013648033142090e+00,1.275469779968261719e+00,-1.567422509193420410e+00,-1.826326131820678711e+00,9.114989638328552246e-01
1.448666572570800781e+00,-1.807999491691589355e+00,-7.261452078819274902e-01,8.385453820228576660e-01,6.446475386619567871e-01,-1.660856485366821289e+00,-2.207907676696777344e+00,1.797788441181182861e-01
6.665002107620239258e-01,-2.066087245941162109e+00,-8.036857843399047852e-01,-5.499005317687988281e-01,2.189868539571762085e-01,-2.943982839584350586e+00,-1.525258183479309082e+00,1.088151574134826660e+00
4.044871926307678223e-01,-1.888050436973571777e+00,4.913131892681121826e-01,3.570472300052642822e-01,-5.812521278858184814e-02,-3.493209123611450195e+00,-1.693832039833068848e+00,7.115062475204467773e-01
-2.641993463039398193e-01,-1.228527069091796875e+00,2.405672371387481689e-01,-1.648646116256713867e+00,-8.566585779190063477e-01,-3.832279443740844727e+00,-1.235717058181762695e+00,7.685447335243225098e-01
7.462546825408935547e-01,-1.605728745460510254e+00,-4.012503027915954590e-01,5.923014879226684570e-01,-5.881776809692382812e-01,-3.688868999481201172e+00,-2.294514656066894531e+00,7.950321584939956665e-02
4.003608524799346924e-01,-1.893565535545349121e+00,4.961206912994384766e-01,3.634274303913116455e-01,-4.819546639919281006e-02,-3.471319675445556641e+00,-1.684670686721801758e+00,7.166840434074401855e-01
1.998794317245483398e+00,-1.553322434425354004e+00,-4.250468611717224121e-01,-6.108220219612121582e-01,6.561457514762878418e-01,-1.950729608535766602e+00,-2.142890453338623047e+00,1.297519356012344360e-02
-2.918716430664062500e+00,1.000562310218811035e+00,-1.574729561805725098e+00,-2.649380266666412354e-01,-1.388694286346435547e+00,-1.626602172851562500e+00,1.521504163742065430e+00,3.425970375537872314e-01
-2.927851676940917969e+00,9.951823949813842773e-01,-1.570438146591186523e+00,-2.639805674552917480e-01,-1.386289954185485840e+00,-1.623998880386352539e+00,1.519339561462402344e+00,3.418750762939453125e-01
-4.334856569766998291e-01,-8.563613891601562500e-01,-1.163386940956115723e+00,-2.416638582944869995e-01,2.132410287857055664e+00,1.952257156372070312e-01,-3.006420135498046875e-01,4.518613964319229126e-02
-4.170910120010375977e-01,3.736481070518493652e-01,-4.321997165679931641e-01,-3.323353528976440430e-01,2.135230600833892822e-02,1.637444347143173218e-01,1.248307228088378906e+00,3.313499391078948975e-01
7.045981287956237793e-01,-1.945813775062561035e+00,-1.351398944854736328e+00,1.229661405086517334e-01,1.050665497779846191e+00,-1.903111100196838379e+00,-1.538011789321899414e+00,9.625391960144042969e-01
1.304350137710571289e+00,2.804577946662902832e-01,5.975688695907592773e-01,-9.823767840862274170e-02,-2.585010051727294922e+00,-4.592736244201660156e+00,-4.232519865036010742e-01,5.738254189491271973e-01
1.312312126159667969e+00,2.807556688785552979e-01,5.930304527282714844e-01,-9.842830896377563477e-02,-2.585534334182739258e+00,-4.588754177093505859e+00,-4.241009652614593506e-01,5.765196681022644043e-01
7.071369290351867676e-01,-1.942466378211975098e+00,-1.355098843574523926e+00,1.256335526704788208e-01,1.034819483757019043e+00,-1.910174369812011719e+00,-1.528606534004211426e+00,9.653161168098449707e-01
-3.869708478450775146e-01,-1.066189408302307129e+00,1.086067780852317810e-01,-3.465157747268676758e-01,2.011183738708496094e+00,-7.742441445589065552e-02,-1.403927326202392578e+00,6.561871170997619629e-01
1.269121885299682617e+00,1.890164136886596680e+00,1.186129376292228699e-01,5.558402538299560547e-01,-2.718764841556549072e-01,1.362699627876281738e+00,1.158330217003822327e-02,9.361991286277770996e-01
8.325185775756835938e-01,1.860494971275329590e+00,-1.462913155555725098e-01,3.179782330989837646e-01,-3.376699686050415039e+00,-1.488303422927856445e+00,1.419077992439270020e+00,2.232164740562438965e-01
1.277052760124206543e+00,1.893830418586730957e+00,1.126739606261253357e-01,5.511394739151000977e-01,-2.782201766967773438e-01,1.364897727966308594e+00,2.266842871904373169e-03,9.415485858917236328e-01
1.847070932388305664e+00,-1.512214064598083496e+00,-6.548482179641723633e-01,-1.609181016683578491e-01,1.104607135057449341e-01,-2.911600112915039062e+00,-2.404459953308105469e+00,-1.269510090351104736e-01
2.829779684543609619e-01,-3.775264918804168701e-01,-5.729323029518127441e-01,3.074349462985992432e-01,1.258739113807678223e+00,8.442104458808898926e-01,-2.164484500885009766e+00,-2.270953953266143799e-01
2.779695093631744385e-01,-3.750426471233367920e-01,-5.754057168960571289e-01,3.134876489639282227e-01,1.256855726242065430e+00,8.448739051818847656e-01,-2.164753675460815430e+00,-2.279155552387237549e-01
8.107600808143615723e-01,-6.598467826843261719e-01,-2.109090089797973633e-01,-5.060368776321411133e-01,1.295474648475646973e+00,5.506997704505920410e-01,-2.313217878341674805e+00,-1.711874306201934814e-01
-1.924311876296997070e+00,1.916083693504333496e+00,-4.092247784137725830e-01,2.633548676967620850e-01,-2.212148666381835938e+00,-2.157806396484375000e+00,-5.125019550323486328e-01,-5.706394314765930176e-01
-1.349985040724277496e-02,-1.595979571342468262e+00,3.958619236946105957e-01,-1.072388052940368652e+00,1.712416648864746094e+00,-1.093493700027465820e+00,-1.803423404693603516e+00,8.141909837722778320e-01
-2.607208251953125000e+00,-6.535950899124145508e-01,-1.052626609802246094e+00,-1.505500197410583496e+00,-1.319329500198364258e+00,-4.950790882110595703e+00,-9.617305397987365723e-01,8.085854649543762207e-01
-3.153062343597412109e+00,8.407199382781982422e-01,-1.454999685287475586e+00,-2.367052286863327026e-01,-1.314348697662353516e+00,-1.550596952438354492e+00,1.441000580787658691e+00,3.111312389373779297e-01
-1.016553521156311035e+00,6.035701036453247070e-01,-5.633106231689453125e-01,1.050438165664672852e+00,9.030222296714782715e-01,7.613077163696289062e-01,-7.204952239990234375e-01,-1.920783817768096924e-01
-2.616465330123901367e+00,-6.593782901763916016e-01,-1.043707847595214844e+00,-1.503427267074584961e+00,-1.319712042808532715e+00,-4.948462963104248047e+00,-9.632171988487243652e-01,8.105763792991638184e-01
-3.165290355682373047e+00,8.308500051498413086e-01,-1.447925090789794922e+00,-2.343857139348983765e-01,-1.309792518615722656e+00,-1.547193527221679688e+00,1.435080409049987793e+00,3.089042901992797852e-01
-4.988775551319122314e-01,-4.689823091030120850e-02,7.686012387275695801e-01,-1.053742915391921997e-01,-1.230728983879089355e+00,-4.285737037658691406e+00,-2.776774466037750244e-01,5.610049366950988770e-01
-6.635735034942626953e-01,-7.892246246337890625e-01,-1.027599573135375977e+00,-3.267068564891815186e-01,2.159199953079223633e+00,4.572588205337524414e-02,-3.614435493946075439e-01,-8.832993358373641968e-02
2.517578005790710449e-01,-1.741779804229736328e+00,3.556476235389709473e-01,-1.381585597991943359e+00,1.344552993774414062e+00,-1.275173544883728027e+00,-1.640919923782348633e+00,8.595775961875915527e-01
2.499215453863143921e-01,-1.735695004463195801e+00,3.574405908584594727e-01,-1.386104702949523926e+00,1.345234751701354980e+00,-1.263146996498107910e+00,-1.631842374801635742e+00,8.577510714530944824e-01
-7.710782289505004883e-01,-2.034130692481994629e-02,-7.579787969589233398e-01,-6.514837145805358887e-01,-1.917443871498107910e+00,-3.206885099411010742e+00,4.496979415416717529e-01,7.394599914550781250e-01
1.548247694969177246e+00,2.635034024715423584e-01,4.229089915752410889e-01,-1.186458319425582886e-01,-2.573589086532592773e+00,-4.441802501678466797e+00,-4.676605761051177979e-01,6.731185317039489746e-01
1.478724479675292969e+00,1.972214221954345703e+00,-1.495752483606338501e-02,4.381667077541351318e-01,-4.062305092811584473e-01,1.397572755813598633e+00,-2.092442810535430908e-01,1.059640169143676758e+00
1.137757420539855957e+00,2.036753892898559570e+00,-2.835106551647186279e-01,3.104052245616912842e-01,-3.368830442428588867e+00,-1.152285337448120117e+00,1.348168611526489258e+00,2.392036616802215576e-01
1.486525177955627441e+00,1.974103808403015137e+00,-1.851791888475418091e-02,4.334594309329986572e-01,-4.099289178848266602e-01,1.396711587905883789e+00,-2.162619829177856445e-01,1.063910841941833496e+00
1.149246573448181152e+00,2.042193889617919922e+00,-2.877920866012573242e-01,3.092111051082611084e-01,-3.368311643600463867e+00,-1.142797946929931641e+00,1.344190478324890137e+00,2.390963733196258545e-01
1.399152517318725586e+00,-1.722143530845642090e+00,-8.423561453819274902e-01,9.685380458831787109e-01,4.386701583862304688e-01,-1.851664066314697266e+00,-2.259860038757324219e+00,7.327989488840103149e-02
1.396188020706176758e+00,-1.718651413917541504e+00,-8.468334674835205078e-01,9.736869335174560547e-01,4.297445416450500488e-01,-1.859710097312927246e+00,-2.261671543121337891e+00,6.897792965173721313e-02
2.151041030883789062e+00,-1.381428837776184082e+00,-5.076006650924682617e-01,-6.414294838905334473e-01,6.951416134834289551e-01,-1.726436853408813477e+00,-1.898676156997680664e+00,-3.784700483083724976e-02
6.998643279075622559e-01,-2.028797149658203125e+00,-8.791502118110656738e-01,-4.673325121402740479e-01,1.678602248430252075e-01,-2.737244606018066406e+00,-1.331133246421813965e+00,1.120023012161254883e+00
-2.838295936584472656e+00,-8.000012040138244629e-01,-7.968546748161315918e-01,-1.457761406898498535e+00,-1.335106730461120605e+00,-4.877209186553955078e+00,-1.000969886779785156e+00,8.551396727561950684e-01
3.453100025653839111e-01,-1.938696146011352539e+00,5.930411815643310547e-01,4.204244613647460938e-01,1.179043501615524292e-01,-3.152975559234619141e+00,-1.521763324737548828e+00,8.039413094520568848e-01
-2.846854686737060547e+00,-8.056141138076782227e-01,-7.865330576896667480e-01,-1.456022858619689941e+00,-1.335552573204040527e+00,-4.874370098114013672e+00,-1.002201557159423828e+00,8.568738698959350586e-01
-3.359408855438232422e+00,6.327241659164428711e-01,-1.309792995452880859e+00,-1.517553180456161499e-01,-1.198396921157836914e+00,-1.492375493049621582e+00,1.295472502708435059e+00,2.431462109088897705e-01
-5.517472028732299805e-01,-1.030911564826965332e+00,2.303243875503540039e-01,-3.895542323589324951e-01,2.063338518142700195e+00,-2.352398037910461426e-01,-1.434059500694274902e+00,6.795085668563842773e-01
6.201055049896240234e-01,-1.442658782005310059e+00,-5.385150313377380371e-01,7.793062925338745117e-01,-8.005655407905578613e-01,-3.690540790557861328e+00,-2.223755359649658203e+00,-2.236809581518173218e-02
-2.946030497550964355e-01,-1.141639590263366699e+00,3.217956125736236572e-01,-1.790554881095886230e+00,-9.410524964332580566e-01,-3.630004405975341797e+00,-1.038338661193847656e+00,7.589251399040222168e-01
1.857935786247253418e-01,-1.805045902729034424e-01,-6.116859316825866699e-01,3.637911379337310791e-01,1.146815180778503418e+00,9.420428276062011719e-01,-2.146885156631469727e+00,-3.219164609909057617e-01
7.596970200538635254e-01,-5.238250494003295898e-01,-1.795921027660369873e-01,-5.776333808898925781e-01,1.242379665374755859e+00,6.452325582504272461e-01,-2.309910774230957031e+00,-2.300417721271514893e-01
-1.911255359649658203e+00,1.865314364433288574e+00,-4.247065782546997070e-01,2.684236168861389160e-01,-2.278245210647583008e+00,-2.286122322082519531e+00,-7.377264499664306641e-01,-6.340536475181579590e-01
-8.086161613464355469e-01,-7.406084537506103516e-01,-9.494525790214538574e-01,-3.664165139198303223e-01,2.158024311065673828e+00,-5.740739405155181885e-02,-3.998526334762573242e-01,-1.756776869297027588e-01
-1.294648170471191406e+00,1.022639393806457520e+00,-1.475810885429382324e+00,7.590921521186828613e-01,4.860767722129821777e-01,-6.219554543495178223e-01,7.684843540191650391e-01,-3.329017758369445801e-01
-2.803379893302917480e-01,1.656724959611892700e-01,-3.283194303512573242e-01,-5.369340181350708008e-01,1.756210625171661377e-02,1.437713056802749634e-01,1.166478991508483887e+00,4.032475352287292480e-01
-1.134451031684875488e+00,7.836548089981079102e-01,-5.623136162757873535e-01,1.124221563339233398e+00,7.091718912124633789e-01,6.854327917098999023e-01,-6.901372671127319336e-01,-2.735939919948577881e-01
7.124572992324829102e-01,-1.887623667716979980e+00,-1.396751284599304199e+00,1.680657118558883667e-01,8.411207199096679688e-01,-2.001419544219970703e+00,-1.400141000747680664e+00,9.862652420997619629e-01
-1.135626554489135742e+00,7.911719083786010742e-01,-5.633928179740905762e-01,1.126061797142028809e+00,7.012013792991638184e-01,6.848839521408081055e-01,-6.897500753402709961e-01,-2.778786122798919678e-01
1.924545288085937500e+00,-1.339140534400939941e+00,-7.681639194488525391e-01,-1.675831228494644165e-01,-3.807152807712554932e-02,-3.034794807434082031e+00,-2.323254108428955078e+00,-2.418984472751617432e-01
-1.645132750272750854e-01,-1.488192439079284668e+00,5.229768753051757812e-01,-1.170549869537353516e+00,1.740027546882629395e+00,-1.173733711242675781e+00,-1.778810501098632812e+00,7.923072576522827148e-01
1.742810726165771484e+00,2.626231014728546143e-01,2.721966803073883057e-01,-1.541399508714675903e-01,-2.544883012771606445e+00,-4.295974254608154297e+00,-5.217572450637817383e-01,7.428206205368041992e-01
1.850986480712890625e+00,1.903064370155334473e+00,-1.542144715785980225e-01,2.918254733085632324e-01,-4.983143806457519531e-01,1.379724979400634766e+00,-4.239487349987030029e-01,1.058044910430908203e+00
-1.493562459945678711e+00,-2.853935241699218750e+00,-9.977805614471435547e-01,-7.922444939613342285e-01,2.162359476089477539e+00,6.429018080234527588e-02,-1.292109489440917969e+00,1.043438553810119629e+00
-3.086707115173339844e+00,-9.589742422103881836e-01,-4.838391542434692383e-01,-1.415604114532470703e+00,-1.337707161903381348e+00,-4.792429924011230469e+00,-1.026291131973266602e+00,9.037684798240661621e-01
-1.499988079071044922e+00,-2.855408191680908203e+00,-9.889166355133056641e-01,-7.916727066040039062e-01,2.160683631896972656e+00,6.727434694766998291e-02,-1.292115211486816406e+00,1.043170571327209473e+00
-3.093964576721191406e+00,-9.628484249114990234e-01,-4.751374721527099609e-01,-1.414376854896545410e+00,-1.338028907775878906e+00,-4.789518833160400391e+00,-1.026458382606506348e+00,9.050446152687072754e-01
-3.438791990280151367e+00,4.723203778266906738e-01,-1.208278179168701172e+00,-6.367602944374084473e-02,-1.056086182594299316e+00,-1.502941846847534180e+00,1.139657616615295410e+00,1.588845252990722656e-01
1.873491704463958740e-01,-1.566229104995727539e+00,4.016670584678649902e-01,-1.473747611045837402e+00,1.381993174552917480e+00,-9.508835077285766602e-01,-1.409481763839721680e+00,8.096591830253601074e-01
-5.584316849708557129e-01,1.638343185186386108e-01,8.302183151245117188e-01,-1.345285624265670776e-01,-1.164010882377624512e+00,-4.081935405731201172e+00,-3.857491537928581238e-02,6.130988001823425293e-01
1.483597517013549805e+00,2.193534374237060547e+00,-3.952958583831787109e-01,3.145772814750671387e-01,-3.206583023071289062e+00,-7.298483252525329590e-01,1.240810155868530273e+00,2.358896434307098389e-01
2.257308483123779297e+00,-1.240991830825805664e+00,-5.794367194175720215e-01,-6.412968635559082031e-01,7.358149886131286621e-01,-1.514228701591491699e+00,-1.722535371780395508e+00,-7.084923237562179565e-02
-6.887851953506469727e-01,-1.026788234710693359e+00,3.161519169807434082e-01,-3.876712620258331299e-01,2.103992223739624023e+00,-3.700059056282043457e-01,-1.487412452697753906e+00,7.056290507316589355e-01
1.078276261687278748e-01,3.969644010066986084e-02,-6.239010691642761230e-01,3.758135735988616943e-01,1.037799119949340820e+00,1.045346260070800781e+00,-2.049273490905761719e+00,-4.115096032619476318e-01
-6.636217832565307617e-01,-7.563691586256027222e-02,-7.776870131492614746e-01,-6.028563976287841797e-01,-1.855969190597534180e+00,-2.935964107513427734e+00,5.842263698577880859e-01,7.945345640182495117e-01
-1.899719834327697754e+00,1.769002318382263184e+00,-4.284786581993103027e-01,2.699116170406341553e-01,-2.317562818527221680e+00,-2.466877937316894531e+00,-9.402193427085876465e-01,-6.588550806045532227e-01
7.105978727340698242e-01,-3.925950825214385986e-01,-1.654625236988067627e-01,-6.095613837242126465e-01,1.198984026908874512e+00,7.380137443542480469e-01,-2.265357255935668945e+00,-2.798609733581542969e-01
-1.897074937820434570e+00,1.768062710762023926e+00,-4.275707006454467773e-01,2.652179300785064697e-01,-2.320140123367309570e+00,-2.471248149871826172e+00,-9.463524818420410156e-01,-6.613330841064453125e-01
1.317774534225463867e+00,-1.657407402992248535e+00,-9.303520321846008301e-01,1.082780599594116211e+00,2.335155457258224487e-01,-2.043779850006103516e+00,-2.295574426651000977e+00,-1.594664901494979858e-02
-1.358890295028686523e+00,9.848663806915283203e-01,-4.870021343231201172e-01,1.166999936103820801e+00,5.274648666381835938e-01,5.040428042411804199e-01,-5.265116691589355469e-01,-2.645708322525024414e-01
1.971917271614074707e+00,-1.208683848381042480e+00,-8.458322882652282715e-01,-1.877040714025497437e-01,-1.672154814004898071e-01,-3.149525880813598633e+00,-2.268536567687988281e+00,-3.243930041790008545e-01
4.834527075290679932e-01,-1.284363985061645508e+00,-6.462766528129577637e-01,9.410960078239440918e-01,-9.999796152114868164e-01,-3.694291353225708008e+00,-2.128828525543212891e+00,-1.078895553946495056e-01
-3.308816850185394287e-01,-1.053360342979431152e+00,3.839173316955566406e-01,-1.894079208374023438e+00,-1.010177135467529297e+00,-3.476274728775024414e+00,-8.619844317436218262e-01,7.419557571411132812e-01
-1.694455385208129883e+00,-2.914108991622924805e+00,-7.072907686233520508e-01,-7.673363089561462402e-01,2.126428365707397461e+00,1.699873059988021851e-01,-1.254849195480346680e+00,1.043084740638732910e+00
-3.298232078552246094e+00,-1.088432908058166504e+00,-1.815892457962036133e-01,-1.395382761955261230e+00,-1.319406270980834961e+00,-4.703790187835693359e+00,-1.034181714057922363e+00,9.456364512443542480e-01
-3.319670259952545166e-01,-1.051434159278869629e+00,3.851800262928009033e-01,-1.895921587944030762e+00,-1.011333227157592773e+00,-3.474107027053833008e+00,-8.590245842933654785e-01,7.415061593055725098e-01
-1.702899217605590820e+00,-2.918184280395507812e+00,-6.939358711242675781e-01,-7.667190432548522949e-01,2.126115560531616211e+00,1.727403998374938965e-01,-1.254255294799804688e+00,1.044099211692810059e+00
-3.305809736251831055e+00,-1.092651009559631348e+00,-1.703349947929382324e-01,-1.394992947578430176e+00,-1.318482518196105957e+00,-4.699814319610595703e+00,-1.033645153045654297e+00,9.471689462661743164e-01
-3.478839159011840820e+00,3.201478421688079834e-01,-1.100533008575439453e+00,-1.890979707241058350e-02,-9.221894741058349609e-01,-1.510688304901123047e+00,9.956780672073364258e-01,8.184505254030227661e-02
-3.479623794555664062e+00,3.157332837581634521e-01,-1.097432255744934082e+00,-1.800811290740966797e-02,-9.182100892066955566e-01,-1.511501789093017578e+00,9.921129345893859863e-01,8.002505451440811157e-02
-2.925842702388763428e-01,-1.420252919197082520e+00,6.164802312850952148e-01,-1.209310531616210938e+00,1.772693514823913574e+00,-1.252796888351440430e+00,-1.789046287536621094e+00,7.835249304771423340e-01
2.120732069015502930e+00,1.828464388847351074e+00,-2.169709801673889160e-01,1.573617905378341675e-01,-6.035465598106384277e-01,1.205907106399536133e+00,-4.835388958454132080e-01,1.053588151931762695e+00
2.123875141143798828e+00,1.826593756675720215e+00,-2.168033719062805176e-01,1.549762338399887085e-01,-6.050742268562316895e-01,1.201337456703186035e+00,-4.840058386325836182e-01,1.053372740745544434e+00
7.136294841766357422e-01,-1.973875164985656738e+00,-9.338449239730834961e-01,-3.816108405590057373e-01,1.423090249300003052e-01,-2.487925529479980469e+00,-1.129516363143920898e+00,1.141283154487609863e+00
-1.639070808887481689e-01,-9.872359223663806915e-03,-2.411315739154815674e-01,-7.026313543319702148e-01,4.693181067705154419e-02,1.380770206451416016e-01,1.083202838897705078e+00,4.583318829536437988e-01
1.700683236122131348e+00,2.274701118469238281e+00,-4.605388045310974121e-01,3.270815908908843994e-01,-3.013156414031982422e+00,-4.162361621856689453e-01,1.156010150909423828e+00,2.394547760486602783e-01
1.704385161399841309e+00,2.276423931121826172e+00,-4.623880982398986816e-01,3.279320299625396729e-01,-3.009120225906372070e+00,-4.089956879615783691e-01,1.154236078262329102e+00,2.398602664470672607e-01
3.324407935142517090e-01,-1.914421677589416504e+00,7.139736413955688477e-01,4.376957714557647705e-01,3.804134726524353027e-01,-2.717502117156982422e+00,-1.292023062705993652e+00,9.073413014411926270e-01
-1.367212057113647461e+00,9.941307306289672852e-01,-1.499274969100952148e+00,8.113629817962646484e-01,4.659766554832458496e-01,-8.219999074935913086e-01,6.080638766288757324e-01,-3.277395963668823242e-01
1.541318744421005249e-01,-1.421556830406188965e+00,4.029507040977478027e-01,-1.516572594642639160e+00,1.376096844673156738e+00,-6.521667838096618652e-01,-1.171131253242492676e+00,7.797098159790039062e-01
1.290429681539535522e-01,-1.402132272720336914e+00,4.143501520156860352e-01,-1.507117867469787598e+00,1.408773303031921387e+00,-6.440353989601135254e-01,-1.186119794845581055e+00,7.732504010200500488e-01
2.334771633148193359e+00,-1.058810830116271973e+00,-7.048086524009704590e-01,-5.279964804649353027e-01,7.894828319549560547e-01,-1.223859429359436035e+00,-1.565993309020996094e+00,-1.274074316024780273e-01
-9.224704504013061523e-01,-6.769474148750305176e-01,-9.025958776473999023e-01,-3.475534617900848389e-01,2.135822057723999023e+00,-1.479367166757583618e-01,-4.158295691013336182e-01,-2.639547884464263916e-01
-7.561181783676147461e-01,-1.041446447372436523e+00,3.767594397068023682e-01,-4.162687659263610840e-01,2.111826658248901367e+00,-4.860159754753112793e-01,-1.550398468971252441e+00,7.207207083702087402e-01
6.937344074249267578e-01,-1.788968443870544434e+00,-1.405291438102722168e+00,1.831562072038650513e-01,5.631880164146423340e-01,-2.066684246063232422e+00,-1.172141790390014648e+00,1.014302849769592285e+00
-1.944365859031677246e+00,-3.016777515411376953e+00,-3.269459307193756104e-01,-7.214124798774719238e-01,2.111345529556274414e+00,2.971827685832977295e-01,-1.180481433868408203e+00,1.057084202766418457e+00
-3.533601284027099609e+00,-1.230482459068298340e+00,1.669633686542510986e-01,-1.384064078330993652e+00,-1.285925388336181641e+00,-4.592747211456298828e+00,-1.032373785972595215e+00,1.008149266242980957e+00
-1.948499917984008789e+00,-3.019054889678955078e+00,-3.203907907009124756e-01,-7.205054759979248047e-01,2.111524343490600586e+00,2.987231016159057617e-01,-1.179846525192260742e+00,1.057656764984130859e+00
1.251977682113647461e+00,-1.622028470039367676e+00,-9.800561666488647461e-01,1.148379206657409668e+00,6.871508061885833740e-02,-2.231363296508789062e+00,-2.325092554092407227e+00,-7.884647697210311890e-02
-3.537139415740966797e+00,-1.232828021049499512e+00,1.720953881740570068e-01,-1.383888125419616699e+00,-1.285357832908630371e+00,-4.591385364532470703e+00,-1.032613635063171387e+00,1.009324431419372559e+00
-3.503188610076904297e+00,1.333144158124923706e-01,-9.596374034881591797e-01,-7.534786127507686615e-03,-7.453600168228149414e-01,-1.534048438072204590e+00,8.464638590812683105e-01,-4.029445350170135498e-03
-3.503609180450439453e+00,1.297148615121841431e-01,-9.565562009811401367e-01,-7.634623907506465912e-03,-7.415570020675659180e-01,-1.534210562705993652e+00,8.436125516891479492e-01,-5.955033004283905029e-03
1.792972326278686523e+00,1.555575728416442871e-01,1.445588171482086182e-01,-2.028277069330215454e-01,-2.446955680847167969e+00,-4.342822551727294922e+00,-6.184523105621337891e-01,7.909547686576843262e-01
2.277540683746337891e+00,1.708864331245422363e+00,-2.278228402137756348e-01,6.959049403667449951e-02,-6.650605201721191406e-01,1.035008907318115234e+00,-5.144792199134826660e-01,1.031395435333251953e+00
2.280233860015869141e+00,1.706496119499206543e+00,-2.280348837375640869e-01,6.820683181285858154e-02,-6.663610339164733887e-01,1.032029867172241211e+00,-5.151720046997070312e-01,1.030898094177246094e+00
-5.578534007072448730e-01,4.401158392429351807e-01,8.482590913772583008e-01,-1.728433966636657715e-01,-1.084504008293151855e+00,-3.816478252410888672e+00,1.971526145935058594e-01,6.408604383468627930e-01
3.267877995967864990e-01,-1.861557364463806152e+00,7.673249840736389160e-01,4.280036389827728271e-01,4.962980747222900391e-01,-2.524649381637573242e+00,-1.169430255889892578e+00,9.479696154594421387e-01
7.214906215667724609e-01,-1.915273785591125488e+00,-9.749443531036376953e-01,-3.201048672199249268e-01,1.179899871349334717e-01,-2.326119899749755859e+00,-9.931050539016723633e-01,1.145546317100524902e+00
1.964628338813781738e+00,-1.082429766654968262e+00,-8.946025371551513672e-01,-2.141758501529693604e-01,-3.202323913574218750e-01,-3.287660598754882812e+00,-2.223536491394042969e+00,-3.968826234340667725e-01
3.283191621303558350e-01,-1.858457446098327637e+00,7.704572677612304688e-01,4.241234362125396729e-01,5.014848113059997559e-01,-2.522433280944824219e+00,-1.166306495666503906e+00,9.497449994087219238e-01
3.607524633407592773e-01,-1.147369384765625000e+00,-7.100102305412292480e-01,1.048485040664672852e+00,-1.176383137702941895e+00,-3.727563858032226562e+00,-2.025491237640380859e+00,-1.680751740932464600e-01
-3.717056810855865479e-01,-1.383552908897399902e+00,6.811905503273010254e-01,-1.251637458801269531e+00,1.762620925903320312e+00,-1.335291862487792969e+00,-1.808670759201049805e+00,7.779970765113830566e-01
-5.658696889877319336e-01,-1.093449145555496216e-01,-8.206179141998291016e-01,-5.275514125823974609e-01,-1.777612090110778809e+00,-2.667865514755249023e+00,6.980201005935668945e-01,8.302214145660400391e-01
-5.882624536752700806e-02,-1.989978402853012085e-01,-1.491395235061645508e-01,-8.437965512275695801e-01,1.698783338069915771e-01,1.889691501855850220e-01,8.996822237968444824e-01,5.267928242683410645e-01
-2.086592674255371094e+00,-3.073702335357666016e+00,-1.221092119812965393e-01,-6.813980340957641602e-01,2.108532667160034180e+00,3.851209580898284912e-01,-1.109398007392883301e+00,1.049770116806030273e+00
-3.655856609344482422e+00,-1.309004545211791992e+00,3.414685428142547607e-01,-1.376952886581420898e+00,-1.261738181114196777e+00,-4.539421558380126953e+00,-1.037045359611511230e+00,1.043859243392944336e+00
-2.089529514312744141e+00,-3.074501752853393555e+00,-1.183022037148475647e-01,-6.803613901138305664e-01,2.108405113220214844e+00,3.875547945499420166e-01,-1.106967926025390625e+00,1.049088478088378906e+00
-3.526954650878906250e+00,-2.816179394721984863e-02,-8.119707107543945312e-01,-1.086418982595205307e-02,-5.645065307617187500e-01,-1.570295572280883789e+00,7.281540632247924805e-01,-8.279194682836532593e-02
-3.527277708053588867e+00,-3.034697473049163818e-02,-8.097462058067321777e-01,-1.073369290679693222e-02,-5.615852475166320801e-01,-1.570236325263977051e+00,7.269276380538940430e-01,-8.404453843832015991e-02
-1.382578134536743164e+00,9.237794280052185059e-01,-1.533592820167541504e+00,8.603245019912719727e-01,4.563784003257751465e-01,-1.006586670875549316e+00,4.464862048625946045e-01,-3.020157814025878906e-01
-4.218221008777618408e-01,-9.058297872543334961e-01,4.496131241321563721e-01,-1.984676837921142578e+00,-1.105155706405639648e+00,-3.365171909332275391e+00,-6.731965541839599609e-01,7.058844566345214844e-01
-4.215504229068756104e-01,-9.045296907424926758e-01,4.474784135818481445e-01,-1.983206868171691895e+00,-1.109550714492797852e+00,-3.362613677978515625e+00,-6.673938632011413574e-01,7.065279483795166016e-01
-1.069071054458618164e+00,-6.093148589134216309e-01,-8.320629000663757324e-01,-3.112035691738128662e-01,2.119354486465454102e+00,-2.895011305809020996e-01,-4.807429015636444092e-01,-3.573440015316009521e-01
2.827940881252288818e-01,-1.066363930702209473e+00,-7.307701706886291504e-01,1.094816684722900391e+00,-1.278338670730590820e+00,-3.750963687896728516e+00,-1.954427957534790039e+00,-1.948666870594024658e-01
6.811037659645080566e-01,-1.717635393142700195e+00,-1.390319347381591797e+00,1.762288659811019897e-01,3.756308555603027344e-01,-2.079770803451538086e+00,-9.994077682495117188e-01,1.035577416419982910e+00
1.153693914413452148e+00,-1.609495759010314941e+00,-9.839981794357299805e-01,1.197191476821899414e+00,-8.525173366069793701e-02,-2.420999526977539062e+00,-2.338646411895751953e+00,-1.098112091422080994e-01
-5.129600763320922852e-01,6.305527091026306152e-01,8.549584150314331055e-01,-2.034448683261871338e-01,-9.684715867042541504e-01,-3.551047801971435547e+00,3.465678989887237549e-01,6.691539883613586426e-01
1.943316578865051270e+00,1.447209566831588745e-01,-2.369824796915054321e-02,-2.628172636032104492e-01,-2.374804973602294922e+00,-4.258003234863281250e+00,-7.361401319503784180e-01,8.053748011589050293e-01
1.956013560295104980e+00,1.419215202331542969e-01,-1.791425049304962158e-03,-2.555628716945648193e-01,-2.380439758300781250e+00,-4.255133628845214844e+00,-7.329684495925903320e-01,8.078919053077697754e-01
3.276823461055755615e-01,-1.697885870933532715e+00,8.672536015510559082e-01,3.574160337448120117e-01,7.028643488883972168e-01,-2.246185779571533203e+00,-9.437960982322692871e-01,1.016131639480590820e+00
-5.096009969711303711e-01,-1.196108907461166382e-01,-8.771746754646301270e-01,-4.367618262767791748e-01,-1.723207116127014160e+00,-2.488450050354003906e+00,7.864406108856201172e-01,8.483003973960876465e-01
-1.345731139183044434e+00,8.263236284255981445e-01,-1.588331580162048340e+00,9.196416139602661133e-01,4.348242878913879395e-01,-1.200445890426635742e+00,2.738793790340423584e-01,-2.513647675514221191e-01
-1.227142810821533203e+00,-5.253192186355590820e-01,-7.635128498077392578e-01,-2.458286136388778687e-01,2.096814155578613281e+00,-4.531151354312896729e-01,-5.678999423980712891e-01,-4.508062005043029785e-01
6.985899209976196289e-01,-1.717816472053527832e+00,-1.324039459228515625e+00,1.068784743547439575e-01,2.210557609796524048e-01,-2.063365936279296875e+00,-8.496050834655761719e-01,1.085869669914245605e+00
-3.992627561092376709e-01,8.386636972427368164e-01,8.372194766998291016e-01,-2.632467150688171387e-01,-8.131572604179382324e-01,-3.261161327362060547e+00,4.549518525600433350e-01,6.937658190727233887e-01
2.171012878417968750e+00,1.475227773189544678e-01,-1.599868237972259521e-01,-3.207009732723236084e-01,-2.301775217056274414e+00,-4.123592376708984375e+00,-8.634475469589233398e-01,8.287387490272521973e-01
7.581710815429687500e-01,-1.846696019172668457e+00,-1.025249481201171875e+00,-2.298645228147506714e-01,8.298537135124206543e-02,-1.987460851669311523e+00,-7.193846702575683594e-01,1.171909332275390625e+00
7.548907995223999023e-01,-1.836993098258972168e+00,-1.050746083259582520e+00,-2.013675868511199951e-01,8.915309607982635498e-02,-1.996956825256347656e+00,-7.273288965225219727e-01,1.167307019233703613e+00
7.568263411521911621e-01,-1.840871810913085938e+00,-1.040008783340454102e+00,-2.131822705268859863e-01,8.644998073577880859e-02,-1.990078926086425781e+00,-7.220425605773925781e-01,1.169541954994201660e+00
-4.652003049850463867e-01,-1.104168742895126343e-01,-9.202701449394226074e-01,-3.631843924522399902e-01,-1.675416350364685059e+00,-2.304484367370605469e+00,8.788735270500183105e-01,8.573864698410034180e-01
-4.636810719966888428e-01,-1.098512411117553711e-01,-9.271839857101440430e-01,-3.548673689365386963e-01,-1.673517465591430664e+00,-2.305523395538330078e+00,8.774077892303466797e-01,8.575094342231750488e-01
-1.270983695983886719e+00,7.394482493400573730e-01,-1.658617019653320312e+00,9.820023179054260254e-01,3.929200768470764160e-01,-1.361211776733398438e+00,1.473956704139709473e-01,-1.871169805526733398e-01
-1.355914831161499023e+00,-4.227606058120727539e-01,-7.201167941093444824e-01,-1.541622430086135864e-01,2.078678607940673828e+00,-6.198264360427856445e-01,-6.664321422576904297e-01,-5.390716195106506348e-01
6.247268319129943848e-01,-9.764833450317382812e-01,9.187076091766357422e-01,-3.399972617626190186e-02,1.200537085533142090e+00,-1.804059505462646484e+00,-6.018424034118652344e-01,1.091830134391784668e+00
7.159490585327148438e-01,-1.717985272407531738e+00,-1.289176940917968750e+00,6.679062545299530029e-02,1.217833161354064941e-01,-2.059155941009521484e+00,-7.683708667755126953e-01,1.115510106086730957e+00
7.176582813262939453e-01,-1.720404744148254395e+00,-1.284083127975463867e+00,6.107930839061737061e-02,1.190519779920578003e-01,-2.056515932083129883e+00,-7.650355696678161621e-01,1.117436885833740234e+00
2.366471052169799805e+00,1.363751888275146484e-01,-2.734734714031219482e-01,-3.769005239009857178e-01,-2.204072475433349609e+00,-4.007653713226318359e+00,-9.936940670013427734e-01,8.436803221702575684e-01
-3.541571140289306641e+00,-1.764044612646102905e-01,-6.469418406486511230e-01,1.376726571470499039e-02,-3.240007758140563965e-01,-1.576906085014343262e+00,6.889429092407226562e-01,-1.558561325073242188e-01
-3.541790723800659180e+00,-1.767238974571228027e-01,-6.463550329208374023e-01,1.288254652172327042e-02,-3.247225284576416016e-01,-1.575280785560607910e+00,6.871426105499267578e-01,-1.569781899452209473e-01
-1.171383380889892578e+00,6.710470318794250488e-01,-1.737575173377990723e+00,1.043354868888854980e+00,3.306862711906433105e-01,-1.466497659683227539e+00,8.914805948734283447e-02,-1.146558299660682678e-01
-1.428887009620666504e+00,-3.315605223178863525e-01,-7.048560976982116699e-01,-7.129205763339996338e-02,2.063592672348022461e+00,-7.421907186508178711e-01,-7.328190803527832031e-01,-6.031124591827392578e-01
7.997802644968032837e-02,1.436187624931335449e+00,5.688638687133789062e-01,-4.057690501213073730e-01,-6.484138369560241699e-01,-2.714514732360839844e+00,5.358716249465942383e-01,6.113263964653015137e-01
1.061658382415771484e+00,-3.486359417438507080e-01,6.690962314605712891e-01,-2.774138748645782471e-01,1.297971487045288086e+00,-1.543279051780700684e+00,-5.941928029060363770e-01,9.888381361961364746e-01
2.687355041503906250e+00,9.125975966453552246e-01,-2.356130182743072510e-01,-4.581375978887081146e-03,-6.025503277778625488e-01,8.578734397888183594e-01,-5.793678760528564453e-01,9.957782626152038574e-01
2.507154941558837891e+00,9.138099849224090576e-02,-3.296206891536712646e-01,-4.107079207897186279e-01,-2.105529069900512695e+00,-3.937174558639526367e+00,-1.108942747116088867e+00,8.538345098495483398e-01
-3.564298391342163086e+00,-2.263494580984115601e-01,-5.927163958549499512e-01,2.921326458454132080e-02,-2.408924549818038940e-01,-1.576242923736572266e+00,6.826788187026977539e-01,-1.731606125831604004e-01
-1.458842158317565918e+00,-2.704685330390930176e-01,-7.094621658325195312e-01,-8.265896700322628021e-03,2.043852567672729492e+00,-8.118577003479003906e-01,-7.597739100456237793e-01,-6.357742547988891602e-01
-1.082027554512023926e+00,6.214689612388610840e-01,-1.801254391670227051e+00,1.088761687278747559e+00,2.712042331695556641e-01,-1.532528877258300781e+00,6.764072179794311523e-02,-5.213486403226852417e-02
-1.095439672470092773e+00,6.273311972618103027e-01,-1.793349146842956543e+00,1.084528326988220215e+00,2.800818085670471191e-01,-1.531542181968688965e+00,6.338934600353240967e-02,-6.157466024160385132e-02
-1.110093235969543457e+00,6.335685253143310547e-01,-1.784154176712036133e+00,1.079533815383911133e+00,2.908567190170288086e-01,-1.529429554939270020e+00,5.881968513131141663e-02,-7.229866832494735718e-02
3.990356028079986572e-01,1.735024333000183105e+00,3.341424167156219482e-01,-4.244171082973480225e-01,-6.641533374786376953e-01,-2.401023864746093750e+00,5.486560463905334473e-01,5.447226166725158691e-01
4.178852438926696777e-01,1.749039292335510254e+00,3.196331560611724854e-01,-4.280499219894409180e-01,-6.770371794700622559e-01,-2.397160768508911133e+00,5.439571142196655273e-01,5.396218895912170410e-01
